<beans xmlns="http://www.springframework.org/schema/beans"
       xmlns:xsi="http://www.w3.org/2001/XMLSchema-instance"
       xmlns:mvc="http://www.springframework.org/schema/mvc"
       xmlns:context="http://www.springframework.org/schema/context"
       xsi:schemaLocation="http://www.springframework.org/schema/mvc http://www.springframework.org/schema/mvc/spring-mvc-3.1.xsd
                http://www.springframework.org/schema/beans http://www.springframework.org/schema/beans/spring-beans-3.1.xsd
                http://www.springframework.org/schema/context http://www.springframework.org/schema/context/spring-context-3.1.xsd">

    <mvc:annotation-driven />
    <context:component-scan base-package="org.viv.controllers" />

    <bean class="org.springframework.web.servlet.view.InternalResourceViewResolver" >
    <property name="prefix">
        <value>/WEB-INF/views/</value>
    </property>
    <property name="suffix">
        <value>.jsp</value>
    </property>
</bean>

</beans>